BEGIN TRANSACTION;
DROP TABLE IF EXISTS "standort";
CREATE TABLE IF NOT EXISTS "standort" (
	"ORTNR"	INTEGER,
	"KENNUNG"	TEXT,
	"ORTBEZ"	TEXT
);
DROP TABLE IF EXISTS "bestand";
CREATE TABLE IF NOT EXISTS "bestand" (
	"HAUPTABTEILUNG"	VARCHAR(2) NOT NULL,
	"BESTANDSNR"	INTEGER NOT NULL,
	"NEBENBESTAND"	INTEGER,
	"ID"	INTEGER NOT NULL,
	PRIMARY KEY("ID" AUTOINCREMENT)
);
DROP TABLE IF EXISTS "AE";
CREATE TABLE IF NOT EXISTS "AE" (
	"BESTAND_ID"	INTEGER NOT NULL,
	"UUID"	char(36),
	"ARCHIVNR"	INTEGER,
	"ARCHIVERGAENZUNGSBUCHSTABE"	char(1),
	"ID"	INTEGER NOT NULL,
	PRIMARY KEY("ID" AUTOINCREMENT),
	CONSTRAINT "fk_ae_bestand_id" FOREIGN KEY("BESTAND_ID") REFERENCES "BESTAND"("ID")
);
DROP TABLE IF EXISTS "DIGITALISAT";
CREATE TABLE IF NOT EXISTS "DIGITALISAT" (
	"UUID_DIP"	text,
	"AE_ID"	INTEGER,
	"DIGTYP_DIP"	text,
	"DIP_ERZEUGT"	boolean,
	"DIP_DMZ_VORHANDEN"	boolean,
	"LAST_CHANGED"	timestamp,
	CONSTRAINT "fk_digitalisat_ae_id" FOREIGN KEY("AE_ID") REFERENCES "AE"("ID")
);
DROP TABLE IF EXISTS "VE";
CREATE TABLE IF NOT EXISTS "VE" (
	"UUID"	text,
	"AE_ID"	INTEGER,
	CONSTRAINT "fk_ve_ae_id" FOREIGN KEY("AE_ID") REFERENCES "AE"("ID")
);
DROP TABLE IF EXISTS "AE_IMPORT";
CREATE TABLE IF NOT EXISTS "AE_IMPORT" (
	"ORDNERNAME"	varchar(24) NOT NULL,
	"AE_UUID"	char(36),
	"AE_ID"	INTEGER,
	"DIGTYP_DIP"	text,
	CONSTRAINT "fk_ae_import_ae_id" FOREIGN KEY("AE_ID") REFERENCES "AE"("ID")
);
DROP TABLE IF EXISTS "generateUUIDforItem";
CREATE TABLE IF NOT EXISTS "generateUUIDforItem" (
	"UUID"	char(36),
	"ITEM"	varchar(255),
	PRIMARY KEY("UUID")
);
INSERT INTO "standort" ("ORTNR","KENNUNG","ORTBEZ") VALUES (56075,'KO','Koblenz');
INSERT INTO "bestand" ("HAUPTABTEILUNG","BESTANDSNR","NEBENBESTAND","ID") VALUES ('B',323,'@',1),
 ('B',323,'@',2),
 ('B',905,'@',3),
 ('C',110,'@',4);
INSERT INTO "AE" ("BESTAND_ID","UUID","ARCHIVNR","ARCHIVERGAENZUNGSBUCHSTABE","ID") VALUES (1,'61f95e83-bff9-4b57-8b09-9d8920416055',1,'@',1),
 (2,'fafe2724-f137-11ea-adc1-0242ac120000',0,'@',2),
 (3,'fafe2968-f137-11ea-adc1-0242ac120002',100,'@',3);
INSERT INTO "DIGITALISAT" ("UUID_DIP","AE_ID","DIGTYP_DIP","DIP_ERZEUGT","DIP_DMZ_VORHANDEN","LAST_CHANGED") VALUES ('61f95e83-bff9-4b57-8b09-9d8920416055',1,'A','true','true','2020-12-01 20:31:53'),
 ('fafe2724-f137-11ea-adc1-0242ac120000',2,'A','true','false','2020-12-01 20:31:53'),
 ('fafe2968-f137-11ea-adc1-0242ac120002',3,'A','true','false','2020-12-01 20:31:53');
INSERT INTO "VE" ("UUID","AE_ID") VALUES ('61f95e83-bff9-4b57-8b09-9d8920416055',1),
 ('fafe2724-f137-11ea-adc1-0242ac120000',2),
 ('fafe2968-f137-11ea-adc1-0242ac120002',3);
INSERT INTO "AE_IMPORT" ("ORDNERNAME","AE_UUID","AE_ID","DIGTYP_DIP") VALUES ('B_323_0','fafe2724-f137-11ea-adc1-0242ac120000',2,'A'),
 ('B_905_100','fafe2968-f137-11ea-adc1-0242ac120002',3,'A'),
 ('C_110_1','fafe2968-f137-11ea-adc1-0242ac120001',NULL,NULL),
 ('A_220_3','7399e551-dedd-4d68-a943-01508986251b',NULL,NULL),
 ('B_323_1','61f95e83-bff9-4b57-8b09-9d8920416055',1,'A'),
 ('B_333_2a','c74ba87a-b834-4d90-90c6-4aa67d4dcde3',NULL,NULL),
 ('R_109_I_4a','333eb449-1af5-46d4-b089-d8b0ce11841a',NULL,NULL);
INSERT INTO "generateUUIDforItem" ("UUID","ITEM") VALUES ('c74ba87a-b834-4d90-90c6-4aa67d4dcde3','B 333/2a'),
 ('333eb449-1af5-46d4-b089-d8b0ce11841a','R 109-I/4a');
DROP TRIGGER IF EXISTS "AutoGenerateUUID_RELATION_1";
CREATE TRIGGER AutoGenerateUUID_RELATION_1
AFTER INSERT ON generateUUIDforItem
FOR EACH ROW
WHEN (NEW.UUID IS NULL)
BEGIN
   UPDATE generateUUIDforItem SET UUID = (select substr(u,1,8)||'-'||substr(u,9,4)||'-4'||substr(u,13,3)||
  '-'||v||substr(u,17,3)||'-'||substr(u,21,12) from (
    select lower(hex(randomblob(16))) as u, substr('89ab',abs(random()) % 4 + 1, 1) as v)) WHERE rowid = NEW.rowid;
END;
COMMIT;
